﻿{"description":"Jellyfin bgm.tv 数据源插件，用于拉取中文番剧信息及图片。","version":"1.4.7.0","timestamp":"2022-07-02T14:21:14Z","category":"Metadata","guid":"41b59f1b-a6cf-474a-b416-785379cbd856","owner":"kookxiang","name":"Bangumi","targetAbi":"10.8.0.0","changelog":"此版本主要为 bugfix\r\n- 提升 SP / OP / ED 的识别能力\r\n- 支持非整数集（比如某些番剧的 12.5 集）的识别\r\n- 修正授权跳转地址不正确的问题\r\n\r\n#10 #11 #13 #14","overview":"bgm.tv metadata provider for Jellyfin"}