﻿{"description":"Jellyfin bgm.tv 数据源插件，用于拉取中文番剧信息及图片。","version":"1.6.0.0","timestamp":"2024-05-12T06:38:43Z","category":"Metadata","guid":"41b59f1b-a6cf-474a-b416-785379cbd856","owner":"kookxiang","name":"Bangumi","targetAbi":"10.9.0.0","changelog":"## What\u0027s Changed\r\n* **升级至 Jellyfin 10.9.0**\r\n* 增加季 ID 自动推算能力\r\n* 新的搜索接口\r\n* fix: empty exception message by @fiochen in https://github.com/kookxiang/jellyfin-plugin-bangumi/pull/75\r\n* feat: force episode for subject with single ep by @everpcpc in https://github.com/kookxiang/jellyfin-plugin-bangumi/pull/95\r\n* Skip OVA in GuessNextSeason by @zeyugao in https://github.com/kookxiang/jellyfin-plugin-bangumi/pull/118\r\n* 支持Emby自动点格子 by @zeyugao in https://github.com/kookxiang/jellyfin-plugin-bangumi/pull/108\r\n* 切换到 Github Actions\r\n\r\n\u003e [!WARNING]\r\n\u003e 由于 Jellyfin API 变化，1.6.0 版本起不再支持 Jellyfin 10.8.13 及以下版本\r\n\u003e 另外 10.9.0 也无法使用旧版本插件，请使用这个版本\r\n\u003e\r\n\u003e Emby 版本需要升级至 4.9.0.12 以上\r\n\r\n## New Contributors\r\n* @zeyugao made their first contribution in https://github.com/kookxiang/jellyfin-plugin-bangumi/pull/118\r\n\r\n**Full Changelog**: https://github.com/kookxiang/jellyfin-plugin-bangumi/compare/1.5.18...1.6.0","overview":"bgm.tv metadata provider for Jellyfin"}