﻿{"description":"Jellyfin bgm.tv 数据源插件，用于拉取中文番剧信息及图片。","version":"1.5.18.0","timestamp":"2023-06-12T15:17:16Z","category":"Metadata","guid":"41b59f1b-a6cf-474a-b416-785379cbd856","owner":"kookxiang","name":"Bangumi","targetAbi":"10.8.0.0","changelog":"## What\u0027s Changed\r\n* feat: support parsing bangumi id from path attribute by @everpcpc in https://github.com/kookxiang/jellyfin-plugin-bangumi/pull/62\r\n* 更换章节收藏信息API by @fiochen in https://github.com/kookxiang/jellyfin-plugin-bangumi/pull/65\r\n* fix: 重复标记已观看时，同步api检查状态 by @fiochen in https://github.com/kookxiang/jellyfin-plugin-bangumi/pull/67\r\n* feat: 设置节目到\u0027在看/看过\u0027 by @fiochen in https://github.com/kookxiang/jellyfin-plugin-bangumi/pull/66\r\n\r\n## New Contributors\r\n* @everpcpc made their first contribution in https://github.com/kookxiang/jellyfin-plugin-bangumi/pull/62\r\n* @fiochen made their first contribution in https://github.com/kookxiang/jellyfin-plugin-bangumi/pull/65\r\n\r\n**Full Changelog**: https://github.com/kookxiang/jellyfin-plugin-bangumi/compare/1.5.0...1.5.18","overview":"bgm.tv metadata provider for Jellyfin"}