﻿{"description":"Jellyfin bgm.tv 数据源插件，用于拉取中文番剧信息及图片。","version":"1.4.0.0","timestamp":"2022-06-19T11:25:16Z","category":"Metadata","guid":"41b59f1b-a6cf-474a-b416-785379cbd856","owner":"kookxiang","name":"Bangumi","targetAbi":"10.8.0.0","changelog":"从此版本起可以支持将多季动漫收至单文件夹，可与 TheMovieDB 配合一起使用\r\n\r\n新的目录结构：https://github.com/kookxiang/jellyfin-plugin-bangumi/wiki/%E5%8F%82%E8%80%83%E7%9B%AE%E5%BD%95%E7%BB%93%E6%9E%84\r\n\r\n由于 bangumi 不支持查询动漫第 n 季的 id，使用时这种方式时需要手动填写季 id\r\n\r\n其他更新内容\r\n\r\n - 升级到 .Net Core 6.0，对应 Jellyfin 10.8\r\n - 修复只能搜索到前 100 集的 bug #7\r\n - 修正 R18 动漫无法查看的 bug（需要账号授权） #9 \r\n - 优化搜索结果排序 #8 \r\n\r\n注意：\r\n\r\n1. 请下载 Fastenshtein.dll 一同放置在插件目录，否则搜索功能不可用\r\n2. jellyfin 10.7 的用户请下载 `Jellyfin.Plugin.Bangumi.net50.dll` 插件，这会是最后一个支持 10.7 的版本，后续更新将不在支持老版本","overview":"bgm.tv metadata provider for Jellyfin"}