﻿{"description":"Jellyfin bgm.tv 数据源插件，用于拉取中文番剧信息及图片。","version":"1.7.0.0","timestamp":"2024-10-28T14:07:05Z","category":"Metadata","guid":"41b59f1b-a6cf-474a-b416-785379cbd856","owner":"kookxiang","name":"Bangumi","targetAbi":"10.9.0.0","changelog":"## Important\r\n - 支持 Jellyfin 10.10.0（向下兼容 10.9.0）\r\n - [离线数据库](https://github.com/bangumi/Archive/) 支持：\r\n   - 当存在离线数据时库时，优先通过离线数据库查询\r\n   - 默认每周更新一次，可在 Jellyfin - 计划任务 中自行修改\r\n   - 离线数据库下载解压过程需要占用约 1GB 内存，索引过程需要占用大量 CPU 资源。\\\r\n     （作为参考 M2 Mac 需要约 3 分钟，16 核的 Epyc 需要几十秒）\r\n   - 一定程度解决 bgm.tv 挂掉或被墙导致的报错\r\n\r\n## What\u0027s Changed\r\n* do not use series overview when the episode overview is empty by @huihuimoe in https://github.com/kookxiang/jellyfin-plugin-bangumi/pull/154\r\n* fix: characters sort by relation by @chu-shen in https://github.com/kookxiang/jellyfin-plugin-bangumi/pull/156\r\n* feat: update Anitomy by @chu-shen in https://github.com/kookxiang/jellyfin-plugin-bangumi/pull/157\r\n* Feat sort by fuzzy by @chu-shen in https://github.com/kookxiang/jellyfin-plugin-bangumi/pull/158\r\n* fix: return all subjects after sorted by fuzzy by @chu-shen in https://github.com/kookxiang/jellyfin-plugin-bangumi/pull/161\r\n\r\n## New Contributors\r\n* @huihuimoe made their first contribution in https://github.com/kookxiang/jellyfin-plugin-bangumi/pull/154\r\n\r\n**Full Changelog**: https://github.com/kookxiang/jellyfin-plugin-bangumi/compare/1.6.2...1.7.0","overview":"bgm.tv metadata provider for Jellyfin"}