﻿{"description":"Jellyfin bgm.tv 数据源插件，用于拉取中文番剧信息及图片。","version":"1.6.2.0","timestamp":"2024-07-21T15:53:11Z","category":"Metadata","guid":"41b59f1b-a6cf-474a-b416-785379cbd856","owner":"kookxiang","name":"Bangumi","targetAbi":"10.9.0.0","changelog":"## Important\r\n - 增加了 API 地址修改功能，但还是建议给 Jellyfin 挂梯子\r\n - 现在修改设置后需要手动点击保存按钮\r\n\r\n## What\u0027s Changed\r\n* fix: fix movie play status syncing in JF movie libraries by @RandomNamer in https://github.com/kookxiang/jellyfin-plugin-bangumi/pull/136\r\n* feat: traversal searching for next season by @RandomNamer in https://github.com/kookxiang/jellyfin-plugin-bangumi/pull/135\r\n* fix error when season folder not exists by @fiochen in https://github.com/kookxiang/jellyfin-plugin-bangumi/pull/141\r\n* append available access token for emby\r\n\r\n## New Contributors\r\n* @RandomNamer made their first contribution in https://github.com/kookxiang/jellyfin-plugin-bangumi/pull/136\r\n\r\n**Full Changelog**: https://github.com/kookxiang/jellyfin-plugin-bangumi/compare/1.6.1...1.6.2","overview":"bgm.tv metadata provider for Jellyfin"}