﻿{"description":"Jellyfin bgm.tv 数据源插件，用于拉取中文番剧信息及图片。","version":"1.5.0.0","timestamp":"2023-01-23T02:31:29Z","category":"Metadata","guid":"41b59f1b-a6cf-474a-b416-785379cbd856","owner":"kookxiang","name":"Bangumi","targetAbi":"10.8.0.0","changelog":"- 增加 NSFW 内容标记\r\n  - 在 bangumi 上标记为 NSFW 的番剧会被分级至 X\r\n  - 可通过 jellyfin 自带家长控制功能限制\r\n  - 默认禁用 NSFW 内容播放进度同步\r\n    - 需要手动修改或刷新元数据使分级为 `JP-18+` `NC-17` 或更高\r\n    - 各地区分级可见：https://github.com/jellyfin/jellyfin/tree/master/Emby.Server.Implementations/Localization/Ratings\r\n- 增加对音乐和书籍的识别能力 #29 #38\r\n- 增加接口超时时间设置\r\n- 修正部分设置修改后需要重启才能生效的问题\r\n- 优化特别篇（SP）识别能力\r\n- 优化集号识别准确度\r\n- 优化词条搜索逻辑 by @chu-shen #23\r\n- 修正词条搜索时上映时间不正确的问题 by @RanKKI #31 \r\n- 同步电视分类元数据识别逻辑至电影分类 by @wzyboy #46 ","overview":"bgm.tv metadata provider for Jellyfin"}