﻿{"description":"Jellyfin bgm.tv 数据源插件，用于拉取中文番剧信息及图片。","version":"1.2.7.0","timestamp":"2022-03-13T14:30:21Z","category":"Metadata","guid":"41b59f1b-a6cf-474a-b416-785379cbd856","owner":"kookxiang","name":"Bangumi","targetAbi":"10.7.0.0","changelog":"- 增加 OAuth 登录功能\r\n- 同步播放进度至 bgm.tv\r\n\r\n![image](https://user-images.githubusercontent.com/2725379/158064318-98a82a79-a783-4552-abaa-af18724ad9bf.png)\r\n\r\nPS：支持多用户，但受 Jellyfin 插件机制限制，暂时需要管理员权限才能绑定账号","overview":"bgm.tv metadata provider for Jellyfin"}