﻿{"description":"Jellyfin bgm.tv 数据源插件，用于拉取中文番剧信息及图片。","version":"1.4.18.0","timestamp":"2022-07-17T15:05:52Z","category":"Metadata","guid":"41b59f1b-a6cf-474a-b416-785379cbd856","owner":"kookxiang","name":"Bangumi","targetAbi":"10.8.0.0","changelog":"- 支持通过 [Anitomy](https://github.com/erengy/anitomy) 解析番剧名称和级号 #15 by @chu-shen \r\n- 修正集数大于 100 时可能的死循环 #19 ","overview":"bgm.tv metadata provider for Jellyfin"}