﻿{"description":"Jellyfin bgm.tv 数据源插件，用于拉取中文番剧信息及图片。","version":"1.1.0.0","timestamp":"2022-02-01T05:27:50Z","category":"Metadata","guid":"41b59f1b-a6cf-474a-b416-785379cbd856","owner":"kookxiang","name":"Bangumi","targetAbi":"10.7.0.0","changelog":"- 自动纠正 Jellyfin 识别错误的集号\r\n- 增加 Movie 分类支持，用于支持剧场版动画\r\n- 更换 bgm.tv 新 API （角色声优信息除外）","overview":"bgm.tv metadata provider for Jellyfin"}